<?xml version="1.0" encoding="UTF-8"?>
<project-private xmlns="http://www.netbeans.org/ns/project-private/1">
    <editor-bookmarks xmlns="http://www.netbeans.org/ns/editor-bookmarks/2" lastBookmarkId="0"/>
    <open-files xmlns="http://www.netbeans.org/ns/projectui-open-files/2">
        <group>
            <file>file:/C:/Users/Poste%20de%20travail/Documents/SIO/SIO2/Semestre%203/Bloc%202%20(SLAM)/Java/Projet_autoEcole/src/Vues/FrmReserverLecon.java</file>
            <file>file:/C:/Users/Poste%20de%20travail/Documents/SIO/SIO2/Semestre%203/Bloc%202%20(SLAM)/Java/Projet_autoEcole/src/Controlers/CtrlLecon.java</file>
            <file>file:/C:/Users/Poste%20de%20travail/Documents/SIO/SIO2/Semestre%203/Bloc%202%20(SLAM)/Java/Projet_autoEcole/src/Vues/FrmInterfaceResponsable.java</file>
        </group>
    </open-files>
</project-private>
